Room ID;Name;Host ID;Neighbourhood;Room type;Room Price;Minimum nights;Number of reviews;Date last review;Number of reviews per month;Rooms rent by the host;Availibility;Updated Date;City;Country;Coordinates;Location
24909354;1 Bedroom Suite in North York - Yonge/Finch 3;1919294;Willowdale East;Entire home/apt;169;5;0;;;82;180;2020-06-08;Toronto;Canada;43.78004720350728, -79.41543366127291;Canada, Toronto, Willowdale East
38456698;Trilocale B&B La Scapola;17066833;Mattinata;Private room;65;1;0;;;1;326;2020-06-25;Puglia;Italy;41.72274018795214, 16.04835413911603;Italy, Puglia, Mattinata
36113124;Bright and Open Apt with Boho Vibe in Marrickville;269362319;Marrickville;Entire home/apt;90;2;2;2019-10-10;0.21;1;0;2020-06-11;Sydney;Australia;-33.914210540497244, 151.1408180815594;Australia, Sydney, Marrickville
39936116;Once upon a time in the Towerhouse of Terlizzi...;180161881;Terlizzi;Entire home/apt;50;1;0;;;1;88;2020-06-25;Puglia;Italy;41.13103254882655, 16.54286863329736;Italy, Puglia, Terlizzi
40190892;Affascinate casa (vera vista mare) con terrazze;18470554;Monopoli;Entire home/apt;210;6;1;2020-03-07;0.27;2;148;2020-06-25;Puglia;Italy;40.95280297328255, 17.302379743151867;Italy, Puglia, Monopoli
37615549;(4)One  Bed(Girls Dorm)Capsule CBD 5 min Town hall;277479503;Sydney;Shared room;34;1;15;2020-02-16;1.55;17;267;2020-06-11;Sydney;Australia;-33.87843001872021, 151.20507826994373;Australia, Sydney, Sydney
37869029;"Waterfront Elizabeth Bay Studio ""Esplanade""";33325403;Sydney;Entire home/apt;149;3;0;;;23;47;2020-06-11;Sydney;Australia;-33.86916218927158, 151.22751488258277;Australia, Sydney, Sydney
38364553;Sun drenched and luxurious Bondi Beach pad;92053290;Waverley;Entire home/apt;699;4;2;2020-02-15;0.37;1;362;2020-06-11;Sydney;Australia;-33.88670056249159, 151.2769406197036;Australia, Sydney, Waverley
38808572;20.1-a girl Bed, New Capsule, CBD,near Town hall;277479503;Sydney;Shared room;39;2;1;2019-12-03;0.16;17;158;2020-06-11;Sydney;Australia;-33.87702470139545, 151.2055439329129;Australia, Sydney, Sydney
38884568;1 bedroom appartment;142502694;Lane Cove;Entire home/apt;93;3;1;2020-01-04;0.19;1;0;2020-06-11;Sydney;Australia;-33.81613685076431, 151.1768862274246;Australia, Sydney, Lane Cove
39401226;Friendly suburban stay;38775856;Bankstown;Private room;147;3;1;2019-11-29;0.15;1;0;2020-06-11;Sydney;Australia;-33.9540245922583, 151.0109120090069;Australia, Sydney, Bankstown
39734313;Bundeena Ironbark 2;305405836;Sutherland Shire;Entire home/apt;130;1;12;2020-02-29;1.67;1;0;2020-06-11;Sydney;Australia;-34.0861244058354, 151.15108284980656;Australia, Sydney, Sutherland Shire
39996943;Brand New House;29421464;Blacktown;Entire home/apt;129;1;42;2020-06-06;6.33;1;174;2020-06-11;Sydney;Australia;-33.77256241081362, 150.89050993928004;Australia, Sydney, Blacktown
40208149;Darling Harbor/ICC/CBD super budget 1BR apartment;310536347;Sydney;Entire home/apt;137;1;26;2020-03-17;4.13;1;254;2020-06-11;Sydney;Australia;-33.87420256048113, 151.19630692760254;Australia, Sydney, Sydney
40218063;HomeHotel-NEW Resort Style 3Bedroom,Free Parking;189112177;Ryde;Entire home/apt;255;2;3;2020-01-25;0.48;68;0;2020-06-11;Sydney;Australia;-33.77974465617565, 151.1117635735964;Australia, Sydney, Ryde
40440459;BONDI BEACH PAD-Long/Short term lets avl: L'Abode;7409213;Waverley;Entire home/apt;119;1;0;;;149;213;2020-06-11;Sydney;Australia;-33.89161197753265, 151.2845367528772;Australia, Sydney, Waverley
40574973;Bondi Beach sand, surf and beautiful people;30035539;Waverley;Private room;100;2;1;2020-02-18;0.26;1;91;2020-06-11;Sydney;Australia;-33.890134855673026, 151.26246157212137;Australia, Sydney, Waverley
40645935;Quiet Private room in a family home;315184814;Lane Cove;Private room;60;3;22;2020-03-21;3.79;1;0;2020-06-11;Sydney;Australia;-33.817588208692854, 151.17997729878618;Australia, Sydney, Lane Cove
41016231;Romance between Water and Clouds;183611796;Auburn;Entire home/apt;199;1;8;2020-02-22;1.46;1;0;2020-06-11;Sydney;Australia;-33.82530364615167, 151.07975931544294;Australia, Sydney, Auburn
41328098;central station 10min walking;324768723;Sydney;Shared room;80;1;1;2020-01-19;0.21;1;91;2020-06-11;Sydney;Australia;-33.897847995170864, 151.19930018575803;Australia, Sydney, Sydney
42696083;Private Studio-room In Kingsford with Kitchenette and Private Bathroom Near UNSW, Randwick;255319514;Randwick;Private room;106;1;2;2020-03-29;0.68;9;330;2020-06-11;Sydney;Australia;-33.92691523182423, 151.23790022717787;Australia, Sydney, Randwick
13102552;Centrally Situated Leafy Apartment;31550298;North Sydney;Entire home/apt;129;5;2;2018-09-20;0.07;1;0;2020-06-11;Sydney;Australia;-33.833463958937976, 151.21575422912153;Australia, Sydney, North Sydney
15472341;MANLY Great location!  - main bedroom & ensuite;67137873;Manly;Private room;120;2;2;2020-03-03;0.53;3;91;2020-06-11;Sydney;Australia;-33.80010519199413, 151.27881124191612;Australia, Sydney, Manly
16548266;Large Private Detached Room;33004202;Randwick;Private room;65;1;83;2020-02-29;2.05;1;89;2020-06-11;Sydney;Australia;-33.9577318073885, 151.2296666525592;Australia, Sydney, Randwick
16902426;Bright & spacious 1BR by Darling Harbour;12483058;Sydney;Entire home/apt;172;2;25;2020-02-22;0.62;1;0;2020-06-11;Sydney;Australia;-33.875983190270894, 151.19449042217542;Australia, Sydney, Sydney
17113274;Modern Beachside apartment in beautiful Bronte;114938860;Waverley;Entire home/apt;200;2;10;2018-07-28;0.25;1;0;2020-06-11;Sydney;Australia;-33.90541379582126, 151.26854401336507;Australia, Sydney, Waverley
17406235;Admire Harbour Views from a Hip Potts Point Sanctuary;528468;Sydney;Entire home/apt;114;1;205;2020-04-24;5.25;1;355;2020-06-11;Sydney;Australia;-33.870327586713074, 151.2259151180518;Australia, Sydney, Sydney
19145233;Harbour Palace-5 STAR LUXURY APARTMENT;133456564;Sydney;Entire home/apt;154;2;70;2020-05-24;1.97;1;91;2020-06-11;Sydney;Australia;-33.87542036889499, 151.20581331845258;Australia, Sydney, Sydney
19213600;Private bedroom, bathroom and lounge area;36108984;Randwick;Private room;74;1;3;2017-07-14;0.08;1;0;2020-06-11;Sydney;Australia;-33.93384816848171, 151.24115969964134;Australia, Sydney, Randwick
19388126;Stylish & Spacious Darlinghurst Apartment;135915840;Sydney;Entire home/apt;140;2;14;2018-10-10;0.4;1;0;2020-06-11;Sydney;Australia;-33.87855924463254, 151.22351336834575;Australia, Sydney, Sydney
19494698;Brand new studio apartment fully furnished;136862326;Warringah;Entire home/apt;80;3;0;;;1;0;2020-06-11;Sydney;Australia;-33.77738248800072, 151.2736522609411;Australia, Sydney, Warringah
19949969;Conveniently located Northern beaches apartment;6754913;Manly;Entire home/apt;120;3;23;2020-03-07;0.69;1;178;2020-06-11;Sydney;Australia;-33.79402345595063, 151.26545907182876;Australia, Sydney, Manly
20961468;The Dunes, Nr Manly, Sydney;27176452;Warringah;Entire home/apt;200;3;43;2020-06-08;1.32;1;0;2020-06-11;Sydney;Australia;-33.776838963702005, 151.28887879884945;Australia, Sydney, Warringah
21473950;Beachside BnB;69189185;Warringah;Private room;100;1;1;2017-11-10;0.03;2;0;2020-06-11;Sydney;Australia;-33.780390426541544, 151.2867792089594;Australia, Sydney, Warringah
21840442;Amazing Designer Apartment with Excellent Location;159262361;Sydney;Entire home/apt;249;180;18;2019-10-30;0.6;3;294;2020-06-11;Sydney;Australia;-33.898898852984665, 151.18927719785475;Australia, Sydney, Sydney
21967102;300m to Bondi Beach with Everything You Need;12819225;Waverley;Entire home/apt;174;5;12;2019-04-22;0.4;4;0;2020-06-11;Sydney;Australia;-33.89265840183115, 151.27163661362263;Australia, Sydney, Waverley
22054996;Bondi Getaway, Beachside Pad Plus 2x Parking;24269258;Waverley;Entire home/apt;220;3;35;2020-03-08;1.17;2;289;2020-06-11;Sydney;Australia;-33.88972729091344, 151.25624460897095;Australia, Sydney, Waverley
22404165;Beach Side Guest suit. Amazing ocean views!;163886640;Randwick;Entire home/apt;69;2;87;2020-06-05;2.92;1;349;2020-06-11;Sydney;Australia;-33.94254387860218, 151.26214573667218;Australia, Sydney, Randwick
22752128;Spacious modern apartment *minimal 1mth stay;109973659;Parramatta;Private room;50;14;1;2018-01-25;0.03;1;0;2020-06-11;Sydney;Australia;-33.81162555072456, 151.02171616892326;Australia, Sydney, Parramatta
23926024;Lovely One Brd Home with Large & Green Balcony;179476777;Marrickville;Entire home/apt;120;2;2;2018-05-04;0.08;1;0;2020-06-11;Sydney;Australia;-33.89344327289329, 151.16404879368844;Australia, Sydney, Marrickville
23931464;One double bedroom in Rosebery;150886241;Sydney;Private room;69;2;1;2019-08-28;0.1;1;0;2020-06-11;Sydney;Australia;-33.912215131070184, 151.20555896519753;Australia, Sydney, Sydney
25058825;Bondi Beach-Bright & Spacious Coastal 2 Bed Apt;189457952;Waverley;Entire home/apt;94;30;3;2018-11-23;0.13;1;0;2020-06-11;Sydney;Australia;-33.897473838996525, 151.27335805751898;Australia, Sydney, Waverley
25409165;悉尼奥林匹克公园码头看得见风景的完美套房;190893267;Auburn;Entire home/apt;119;2;10;2019-11-18;0.41;2;359;2020-06-11;Sydney;Australia;-33.82323190035219, 151.0787140930528;Australia, Sydney, Auburn
25555029;Stylish Aprt 5 minuets walks from Central;110682012;Sydney;Private room;61;1;58;2020-03-02;2.35;3;130;2020-06-11;Sydney;Australia;-33.88340908887869, 151.21370382241466;Australia, Sydney, Sydney
27687850;☀️Queen Room 2 minutes walk to Beach ☀️Willkommen!;110922988;Warringah;Private room;64;4;14;2019-12-30;0.64;2;0;2020-06-11;Sydney;Australia;-33.77834605658976, 151.2894612426734;Australia, Sydney, Warringah
28192294;THE BLACK ACE  |  AVALON BEACH;4168259;Pittwater;Entire home/apt;650;2;35;2020-01-18;1.76;1;64;2020-06-11;Sydney;Australia;-33.637285464878836, 151.3308820346009;Australia, Sydney, Pittwater
28794302;Place of sunset;217118230;Strathfield;Private room;46;14;0;;;1;365;2020-06-11;Sydney;Australia;-33.89339843692872, 151.083358556385;Australia, Sydney, Strathfield
29713971;Redfern Retreat - LOCATION!!  近市中心交通方便 安全干净 我说中英文;222194601;Sydney;Private room;90;3;30;2020-01-30;1.54;1;61;2020-06-11;Sydney;Australia;-33.89140773037767, 151.2009300728196;Australia, Sydney, Sydney
30478103;Sydney Bondi Beach Fully Furnished;61347580;Waverley;Entire home/apt;140;2;2;2019-03-02;0.11;2;0;2020-06-11;Sydney;Australia;-33.892676590743264, 151.24544271527554;Australia, Sydney, Waverley
30542282;PROS - 'Chesterman' in Cremorne - Executive Villa;16357713;North Sydney;Entire home/apt;385;7;0;;;73;17;2020-06-11;Sydney;Australia;-33.821325411899416, 151.2300089505574;Australia, Sydney, North Sydney
30758399;Peacefull and cosy double bed room;230160952;Ryde;Private room;52;1;0;;;1;87;2020-06-11;Sydney;Australia;-33.81630851265971, 151.10748739397647;Australia, Sydney, Ryde
41340377;"art resort montalbano ""terrarossa""";17261019;Fasano;Entire home/apt;60;2;0;;;5;255;2020-06-25;Puglia;Italy;40.77832744847876, 17.480654188522713;Italy, Puglia, Fasano
3235236;Temporada para copa 2014;16372351;Tijuca;Private room;270;1;0;;;1;0;2020-06-19;Rio-de-janeiro;Brazil;-22.929102553385743, -43.241657409497506;Brazil, Rio-de-janeiro, Tijuca
7783268;Quarto individual para Temporada RJ;40954557;Vila Isabel;Private room;498;3;0;;;2;365;2020-06-19;Rio-de-janeiro;Brazil;-22.912419762240688, -43.24888357639863;Brazil, Rio-de-janeiro, Vila Isabel
8970998;Beautiful 3 rooms in Leblon;823800;Leblon;Entire home/apt;1699;3;3;2020-01-02;0.06;24;195;2020-06-19;Rio-de-janeiro;Brazil;-22.984786023367043, -43.22132609119414;Brazil, Rio-de-janeiro, Leblon
9092455;COPACABANA 1 BEDROOM POSTO 5 SARAH;13392098;Copacabana;Entire home/apt;101;3;7;2020-01-16;0.21;18;365;2020-06-19;Rio-de-janeiro;Brazil;-22.98003447796439, -43.18933756161639;Brazil, Rio-de-janeiro, Copacabana
9767125;Flat em COPACABANA 2 Quartos 2 banheiros Garagem;50358652;Copacabana;Entire home/apt;238;2;49;2020-03-28;0.91;1;121;2020-06-19;Rio-de-janeiro;Brazil;-22.967763183723612, -43.18518981980891;Brazil, Rio-de-janeiro, Copacabana
10351431;Apartamento Confortável Perto da Lapa;49656132;Centro;Entire home/apt;79;3;41;2020-04-30;0.76;2;341;2020-06-19;Rio-de-janeiro;Brazil;-22.916267589891692, -43.18890166787335;Brazil, Rio-de-janeiro, Centro
7153151;FITTASI Bilocale indipendente fiera;3778330;Bari;Entire home/apt;60;2;4;2019-11-07;0.07;2;364;2020-06-25;Puglia;Italy;41.1301206529357, 16.83339879752685;Italy, Puglia, Bari
7718756;Bilocale in pineta vista mare;4860450;Vieste;Entire home/apt;62;7;3;2017-01-16;0.05;3;1;2020-06-25;Puglia;Italy;41.89053939276019, 16.159764729665486;Italy, Puglia, Vieste
8656906;CASA VACANZA Il Trullo Degli Aranci;45492324;Ostuni;Entire home/apt;80;2;0;;;1;355;2020-06-25;Puglia;Italy;40.73024681951227, 17.585279162606575;Italy, Puglia, Ostuni
12162795;App Oleander in Villa Giorgisa, Torre San Giovanni;30816941;Ugento;Entire home/apt;60;4;2;2017-08-28;0.06;4;175;2020-06-25;Puglia;Italy;39.88784502270577, 18.1474653400965;Italy, Puglia, Ugento
12578640;Bilo 5;47968666;Uggiano la Chiesa;Entire home/apt;70;3;2;2018-08-24;0.09;3;0;2020-06-25;Puglia;Italy;40.10115388535455, 18.458294780371304;Italy, Puglia, Uggiano la Chiesa
18151681;Appartamento tipico salentino;35353033;Corigliano d'Otranto;Entire home/apt;30;2;2;2017-08-17;0.06;3;0;2020-06-25;Puglia;Italy;40.16244230234828, 18.258477880022213;Italy, Puglia, Corigliano d'Otranto
20073712;casa foresta forte;142154045;Castrignano del Capo;Entire home/apt;60;2;3;2019-08-09;0.09;1;365;2020-06-25;Puglia;Italy;39.795924236070796, 18.369215335108166;Italy, Puglia, Castrignano del Capo
32632323;Stylish & Elegant room TWIN BEDS next to Champs Elysees;244502597;Passy;Hotel room;125;1;0;;;6;365;2020-06-11;Paris;France;48.87316677265558, 2.290638240123063;France, Paris, Passy
33967902;Studio near notre-dame , louvre . Rivoli Avenue;256488461;Louvre;Entire home/apt;84;2;4;2019-09-02;0.29;1;176;2020-06-11;Paris;France;48.86064953135642, 2.3474671336818718;France, Paris, Louvre
13989276;IPANEMA ! EXCELENTE LOCAL!300 METROS PRAIA;71869324;Ipanema;Entire home/apt;699;4;3;2018-02-15;0.07;1;0;2020-06-19;Rio-de-janeiro;Brazil;-22.98523609193245, -43.21138439191893;Brazil, Rio-de-janeiro, Ipanema
14186081;Excelente Cobertura Duplex - MARACANÃ E FÉRIAS;85976617;Vila Isabel;Entire home/apt;262;2;11;2020-02-15;0.51;1;80;2020-06-19;Rio-de-janeiro;Brazil;-22.914112714358303, -43.242849110853875;Brazil, Rio-de-janeiro, Vila Isabel
31300839;Spacious 2Bdroom aprtment in an excellent lcation!;234271210;Sydney;Entire home/apt;229;1;42;2020-05-03;2.42;1;31;2020-06-11;Sydney;Australia;-33.880132136109054, 151.20071186023392;Australia, Sydney, Sydney
32582902;Bedroom in Cosy modern house;2460577;Burwood;Private room;100;2;2;2019-03-24;0.13;2;0;2020-06-11;Sydney;Australia;-33.89511423926008, 151.09506518418118;Australia, Sydney, Burwood
33499599;CHARMING HARBOURSIDE ONE BEDROOM APARTMENT;150011035;Manly;Entire home/apt;130;2;1;2019-04-20;0.07;2;0;2020-06-11;Sydney;Australia;-33.79723438334822, 151.28074214247306;Australia, Sydney, Manly
33639956;Clean and tidy house with a large backyard n pool;137946250;Sutherland Shire;Entire home/apt;114;6;1;2019-04-09;0.07;1;0;2020-06-11;Sydney;Australia;-34.01681316059023, 151.1079414755081;Australia, Sydney, Sutherland Shire
32742697;Peaceful & Bohemian Studio for the Couple;58445210;Östermalms;Entire home/apt;729;3;12;2019-08-18;0.77;1;0;2020-06-26;Stockholm;Sweden;59.34508362585541, 18.092051070979526;Sweden, Stockholm, Östermalms
255090;Your Own Private Studio Apartment;1340540;Woollahra;Entire home/apt;104;10;17;2019-09-07;0.17;1;122;2020-06-11;Sydney;Australia;-33.87646549719506, 151.2332015618528;Australia, Sydney, Woollahra
365953;En suite room in gorgeous house!;1827246;Mosman;Private room;145;5;6;2017-01-14;0.12;1;358;2020-06-11;Sydney;Australia;-33.82350457578414, 151.23779739945417;Australia, Sydney, Mosman
815654;Fabulous & Spacious Bondi Beach pad;4285221;Waverley;Entire home/apt;195;3;0;;;1;0;2020-06-11;Sydney;Australia;-33.88476257154144, 151.27304355473578;Australia, Sydney, Waverley
1211285;Bondi Apartment with Stunning Views;5808427;Waverley;Entire home/apt;170;4;12;2019-01-01;0.14;1;174;2020-06-11;Sydney;Australia;-33.89396638327046, 151.25670783254373;Australia, Sydney, Waverley
1394990;Modern 2 bed /  2 bathroom apartment;7539151;Sydney;Entire home/apt;350;4;30;2018-04-02;0.36;1;268;2020-06-11;Sydney;Australia;-33.87329170971428, 151.21834688688966;Australia, Sydney, Sydney
1422890;Single room in cosy home,fab views,great location!;4072802;Randwick;Private room;83;2;61;2020-03-05;0.75;2;179;2020-06-11;Sydney;Australia;-33.90404790632098, 151.2230332946565;Australia, Sydney, Randwick
2938059;Modern 1br Apartment in Surry Hills;15002405;Sydney;Entire home/apt;130;2;47;2018-03-05;0.64;1;0;2020-06-11;Sydney;Australia;-33.89749222474038, 151.21787889770667;Australia, Sydney, Sydney
3777675;North Shore Sydney;14622809;Ku-Ring-Gai;Entire home/apt;501;7;2;2019-01-02;0.07;1;0;2020-06-11;Sydney;Australia;-33.712309658720685, 151.17283150833958;Australia, Sydney, Ku-Ring-Gai
4739144;Newly Renovated x2 Bed Apartment;24465935;Randwick;Private room;70;7;2;2016-01-05;0.03;2;0;2020-06-11;Sydney;Australia;-33.91460879365729, 151.24728693795052;Australia, Sydney, Randwick
5740580;Surry Hills Apartment;7079467;Sydney;Entire home/apt;150;3;3;2015-11-17;0.05;1;0;2020-06-11;Sydney;Australia;-33.886711898894276, 151.20890924835197;Australia, Sydney, Sydney
7331396;Stylish Family Home in Randwick;707197;Randwick;Entire home/apt;270;30;3;2017-02-27;0.07;1;173;2020-06-11;Sydney;Australia;-33.90585613036266, 151.25219541393196;Australia, Sydney, Randwick
7718248;4BR family home nr beaches and park;40553892;Randwick;Entire home/apt;495;5;3;2016-07-29;0.05;1;0;2020-06-11;Sydney;Australia;-33.91039029773974, 151.24983376215297;Australia, Sydney, Randwick
7889373;Sydney Harbour Home 5 mins to Bondi;41594647;Woollahra;Entire home/apt;799;10;3;2017-01-11;0.06;1;0;2020-06-11;Sydney;Australia;-33.866094815279006, 151.27482247573917;Australia, Sydney, Woollahra
8212833;Designer Bondi Beach House;43307495;Waverley;Entire home/apt;850;7;2;2016-01-02;0.04;1;0;2020-06-11;Sydney;Australia;-33.883183094164565, 151.27574298841313;Australia, Sydney, Waverley
8371981;Professional Clean Top Floor 1bd (Best Location);2377948;Sydney;Entire home/apt;134;1;78;2020-03-15;2.34;1;0;2020-06-11;Sydney;Australia;-33.88879061679429, 151.19696449922878;Australia, Sydney, Sydney
9134559;BONDI Bennett St-hosted by:L'Abode;7409213;Waverley;Entire home/apt;375;4;5;2018-01-16;0.09;149;1;2020-06-11;Sydney;Australia;-33.89654320668087, 151.2588130215931;Australia, Sydney, Waverley
9397536;Lovely inner city apt (cats inc.);41727594;Sydney;Entire home/apt;94;21;3;2016-09-30;0.06;1;0;2020-06-11;Sydney;Australia;-33.87960387389272, 151.22042532784144;Australia, Sydney, Sydney
9614394;The BEST location in Sydney. 1 stop from city cntr;49379718;Sydney;Entire home/apt;170;10;0;;;1;363;2020-06-11;Sydney;Australia;-33.874271238361565, 151.22229662066212;Australia, Sydney, Sydney
9799847;3 bed home - Sydney's city fringe;50500185;Sydney;Entire home/apt;285;5;5;2016-11-16;0.09;1;0;2020-06-11;Sydney;Australia;-33.87879715170948, 151.1838913991724;Australia, Sydney, Sydney
10157786;Room with Balcony 100m from DYBeach;21195630;Warringah;Private room;70;2;1;2016-01-06;0.02;1;0;2020-06-11;Sydney;Australia;-33.754865242157614, 151.29778728003072;Australia, Sydney, Warringah
10299907;Spacious room in a sunlit apartment;52994567;Sydney;Private room;80;1;1;2016-01-27;0.02;1;0;2020-06-11;Sydney;Australia;-33.87182806607238, 151.22591830572316;Australia, Sydney, Sydney
11417934;Perfect location, luxurious living;59957198;Woollahra;Private room;166;7;0;;;1;91;2020-06-11;Sydney;Australia;-33.88905771986161, 151.24699926818587;Australia, Sydney, Woollahra
25279360;Letna luxury apartment;111924294;Praha 7;Entire home/apt;1310;2;50;2020-03-02;1.97;2;199;2020-06-28;Prague;Czech republic;50.101384196696245, 14.427774396134321;Czech republic, Prague, Praha 7
34501525;A peaceful setting in the heart of Paris;260334353;Opéra;Private room;160;1;2;2019-11-01;0.25;5;211;2020-06-11;Paris;France;48.87401841865462, 2.3428397102019294;France, Paris, Opéra
35107061;Charming apartment near Montmartre  - Professional Cleaning;264440173;Buttes-Montmartre;Entire home/apt;71;1;10;2019-12-27;0.83;1;0;2020-06-11;Paris;France;48.88509431600731, 2.3367455507906882;France, Paris, Buttes-Montmartre
35135572;Charmant appartement dans le 18eme;5004944;Buttes-Montmartre;Entire home/apt;60;1;1;2019-06-02;0.08;1;0;2020-06-11;Paris;France;48.8943869290306, 2.346625689644905;France, Paris, Buttes-Montmartre
21208776;Magnifique chambre Rive Gauche/Sorbonne;2876127;Panthéon;Private room;70;3;17;2020-01-31;0.52;6;365;2020-06-11;Paris;France;48.83778553390922, 2.3498041573763686;France, Paris, Panthéon
21917432;Chambre dans une colocation;58965680;Buttes-Chaumont;Entire home/apt;35;2;1;2017-12-03;0.03;3;0;2020-06-11;Paris;France;48.88452715530703, 2.3690476674268934;France, Paris, Buttes-Chaumont
22408704;Amazing studio facing Montparnasse station;2974635;Vaugirard;Entire home/apt;90;3;0;;;1;0;2020-06-11;Paris;France;48.84149450423213, 2.317391108341932;France, Paris, Vaugirard
23624931;Super Loft dans le 11eme;51303952;Popincourt;Entire home/apt;80;7;0;;;1;0;2020-06-11;Paris;France;48.8640914632086, 2.3726168894940867;France, Paris, Popincourt
23892280;Lovely studio appartment near Montmartre;38831815;Buttes-Montmartre;Entire home/apt;44;2;11;2019-06-01;0.42;1;0;2020-06-11;Paris;France;48.89151990530848, 2.327462321554697;France, Paris, Buttes-Montmartre
23935572;Hôtel du Lys / Chambre double supérieure avec salle de bain privée / Double room superior with private bathroom;175429374;Luxembourg;Private room;160;1;1;2018-05-22;0.04;5;310;2020-06-11;Paris;France;48.852538122815055, 2.3427778781734547;France, Paris, Luxembourg
24039213;Charming and bright flat in Belleville trendy area;22085399;Ménilmontant;Entire home/apt;50;2;20;2020-03-16;0.78;1;0;2020-06-11;Paris;France;48.873252868919764, 2.395167979985324;France, Paris, Ménilmontant
26025623;Your Parisian home - Free breakfast;133878544;Opéra;Hotel room;1000;1;38;2019-11-17;1.58;4;275;2020-06-11;Paris;France;48.87592896656528, 2.3345186783678176;France, Paris, Opéra
26702711;Studio de charme au coeur du Marais avec vue;124531089;Temple;Entire home/apt;75;5;16;2019-08-28;0.71;1;0;2020-06-11;Paris;France;48.85992040404872, 2.3583435419939427;France, Paris, Temple
27007707;REFURBISHED WORKSHOP  IN BASTILLE;2709936;Popincourt;Entire home/apt;120;2;5;2019-06-02;0.22;1;164;2020-06-11;Paris;France;48.85219208179093, 2.3783217390357327;France, Paris, Popincourt
27566270;Appartement Montparnasse;15673792;Observatoire;Entire home/apt;66;4;0;;;1;0;2020-06-11;Paris;France;48.839196800613585, 2.318931056857352;France, Paris, Observatoire
13618173;Nice & equiped 2 room apartment in a quiet area.;18749259;Reuilly;Entire home/apt;50;1;3;2017-03-12;0.07;1;0;2020-06-11;Paris;France;48.84490313933525, 2.385994773419855;France, Paris, Reuilly
13823477;F3 calme et confortable au cœur du 19ème ardt;12377200;Buttes-Chaumont;Entire home/apt;100;2;4;2017-07-05;0.08;1;0;2020-06-11;Paris;France;48.887933622047925, 2.3831730001577327;France, Paris, Buttes-Chaumont
15938216;Bedroom with private bathroom;7144941;Louvre;Private room;70;4;148;2020-03-15;3.44;3;76;2020-06-11;Paris;France;48.86093874991198, 2.3494570963038712;France, Paris, Louvre
17415022;Jolie chambre au calme et lumineuse;117771170;Vaugirard;Private room;51;1;0;;;1;0;2020-06-11;Paris;France;48.838191891719354, 2.282160825324901;France, Paris, Vaugirard
17521600;Cozy flat close to Bastille;32078364;Popincourt;Entire home/apt;70;2;12;2019-09-16;0.32;1;0;2020-06-11;Paris;France;48.85391825690229, 2.3794428025914907;France, Paris, Popincourt
17660803;Cosy two-room apartment Jules Joffrin - Montmartre;118953973;Buttes-Montmartre;Entire home/apt;50;1;0;;;1;80;2020-06-11;Paris;France;48.891248075878636, 2.3427516559586996;France, Paris, Buttes-Montmartre
17931520;CHARMING APARTMENT, BASTILLE/GARE DE LYON;122968330;Reuilly;Entire home/apt;80;4;39;2019-11-29;1.05;1;183;2020-06-11;Paris;France;48.84926032100559, 2.3725142358773916;France, Paris, Reuilly
18407984;Best location with terrace (508);127533362;Buttes-Chaumont;Entire home/apt;89;2;95;2020-05-17;2.49;3;346;2020-06-11;Paris;France;48.875752713282914, 2.387280228027812;France, Paris, Buttes-Chaumont
18686277;Paris centre, charming apartment;83688145;Bourse;Entire home/apt;65;2;9;2019-12-27;0.24;1;0;2020-06-11;Paris;France;48.86805032772255, 2.3483217595025616;France, Paris, Bourse
19786654;Entre la Tour Eiffel et le quartier latin;38988215;Palais-Bourbon;Entire home/apt;61;4;6;2018-09-20;0.18;1;72;2020-06-11;Paris;France;48.84996782264112, 2.3048578038580247;France, Paris, Palais-Bourbon
20152035;Logement entier 27m2 à 5min du canal de l'ourq.;19464344;Buttes-Chaumont;Entire home/apt;45;7;8;2019-12-24;0.24;1;0;2020-06-11;Paris;France;48.89071033115837, 2.3691579052050615;France, Paris, Buttes-Chaumont
35635932;Cocon parisien - Montparnasse;268089384;Observatoire;Entire home/apt;85;3;2;2019-07-11;0.17;1;0;2020-06-11;Paris;France;48.8414735656238, 2.3243777854746686;France, Paris, Observatoire
26250617;Artloft - Etna Sud / Catania;26639270;Nicolosi;Entire home/apt;120;2;1;2018-08-22;0.04;1;90;2020-06-25;Sicily;Italy;37.618723593731396, 15.03624651657289;Italy, Sicily, Nicolosi
26527441;Casa vacanze peppe e ciccio;72080244;Castellammare del Golfo;Entire home/apt;28;1;14;2019-09-28;0.58;3;358;2020-06-25;Sicily;Italy;38.02111636122842, 12.884457784166663;Italy, Sicily, Castellammare del Golfo
26762078;Rivamare Loft - SEASIDE - Sea & Ortigia View;2083637;Siracusa;Entire home/apt;50;3;67;2020-06-19;2.86;2;336;2020-06-25;Sicily;Italy;37.06887354641207, 15.291734989433646;Italy, Sicily, Siracusa
27851752;Villetta Mare Timpi Red;207127195;Sciacca;Entire home/apt;40;2;0;;;2;363;2020-06-25;Sicily;Italy;37.49928645476661, 13.158866452539783;Italy, Sicily, Sciacca
28455666;Albachiara Apartments, app 1;63100235;Taormina;Entire home/apt;50;2;86;2020-06-21;4.17;2;167;2020-06-25;Sicily;Italy;37.854334788845435, 15.278854098075007;Italy, Sicily, Taormina
28647905;Appartamento con terrazza vista mozzafiato;46196199;Catania;Entire home/apt;85;1;16;2020-02-29;0.8;2;341;2020-06-25;Sicily;Italy;37.50177325630662, 15.085261396150758;Italy, Sicily, Catania
40224406;Vintage - Superior Double room with private balcony;180672479;Opéra;Private room;999;1;0;;;5;365;2020-06-11;Paris;France;48.88269843220955, 2.347021314600596;France, Paris, Opéra
29629508;Villa Elena APT Alex;25223659;Castellammare del Golfo;Entire home/apt;55;7;2;2019-09-17;0.18;10;342;2020-06-25;Sicily;Italy;38.068955876499736, 12.808793347591415;Italy, Sicily, Castellammare del Golfo
40361637;Charmant T3 à Belleville;122078243;Popincourt;Private room;120;3;0;;;2;0;2020-06-11;Paris;France;48.8701682398276, 2.37641924582068;France, Paris, Popincourt
30028140;Villa Valderice - Holiday Rental with swimming pool in Valderice, Sicily;95903847;Valderice;Entire home/apt;228;1;0;;;23;0;2020-06-25;Sicily;Italy;38.0455301928376, 12.623735065897916;Italy, Sicily, Valderice
40364470;MEDIUM STAY ONLY - Luminous appartment near Nation - WELKEYS;151077629;Reuilly;Entire home/apt;99;1;1;2019-11-28;0.15;27;363;2020-06-11;Paris;France;48.84273702331692, 2.3962580429393907;France, Paris, Reuilly
30099458;Villa Pisacco;9700636;Milo;Entire home/apt;428;7;0;;;53;274;2020-06-25;Sicily;Italy;37.71848124525736, 15.124738379684397;Italy, Sicily, Milo
37150042;Sá da Bandeira;279419106;Cedofeita, Ildefonso, Sé, Miragaia, Nicolau, Vitória;Entire home/apt;120;2;2;2019-08-25;0.18;5;361;2020-07-25;Porto;Portugal;41.14608845166182, -8.607850668534184;Portugal, Porto, Cedofeita, Ildefonso, Sé, Miragaia, Nicolau, Vitória
30435085;Sale Happy New Year;183171663;Palermo;Entire home/apt;230;2;0;;;5;365;2020-06-25;Sicily;Italy;38.11121152125844, 13.349722242101276;Italy, Sicily, Palermo
37584081;APOSENTUS - The light house at Miragaia;277325180;Cedofeita, Ildefonso, Sé, Miragaia, Nicolau, Vitória;Entire home/apt;38;2;30;2020-03-16;2.69;2;351;2020-07-25;Porto;Portugal;41.14372632561772, -8.62213988558016;Portugal, Porto, Cedofeita, Ildefonso, Sé, Miragaia, Nicolau, Vitória
30896949;Villa Bianca 500mt from the beach with Private Pool;213327592;Alcamo;Entire home/apt;233;3;0;;;14;1;2020-06-25;Sicily;Italy;38.03383811960123, 12.97162042463378;Italy, Sicily, Alcamo
4282453;Stylish apartment in the center;9550037;Praha 1;Entire home/apt;2452;2;182;2020-03-14;2.7;85;270;2020-06-28;Prague;Czech republic;50.0822085167712, 14.421026290832081;Czech republic, Prague, Praha 1
30971942;Terra di Venera Room 6;201284555;Santa Venerina;Private room;95;1;0;;;8;365;2020-06-25;Sicily;Italy;37.66348996712208, 15.157543615925348;Italy, Sicily, Santa Venerina
17281007;Two-Bedroom King Suite Art-Apartments;115300310;Praha 2;Entire home/apt;3738;2;1;2019-09-08;0.1;9;353;2020-06-28;Prague;Czech republic;50.0770051139622, 14.431584213674432;Czech republic, Prague, Praha 2
31378811;Buon  karma;48588260;San Cataldo;Entire home/apt;25;1;3;2019-07-21;0.24;3;0;2020-06-25;Sicily;Italy;37.4844302783226, 13.990286427960882;Italy, Sicily, San Cataldo
19706088;Quaint Great ROOM in the City Center;48253119;Praha 1;Private room;1119;2;118;2020-03-10;3.33;28;60;2020-06-28;Prague;Czech republic;50.091816133350356, 14.422350636677315;Czech republic, Prague, Praha 1
31710489;Carlotta'S Home;191399912;San Vito Lo Capo;Entire home/apt;108;5;6;2019-11-04;0.51;1;178;2020-06-25;Sicily;Italy;38.16839410297709, 12.73650437347945;Italy, Sicily, San Vito Lo Capo
20273597;Renovated central studio near city center;144553598;Praha 8;Entire home/apt;739;1;144;2020-03-15;4.1;1;0;2020-06-28;Prague;Czech republic;50.092707898255604, 14.443171100759193;Czech republic, Prague, Praha 8
32275332;Affitto appartamento a mare;242214185;Mascali;Entire home/apt;39;6;1;2019-03-08;0.06;1;89;2020-06-25;Sicily;Italy;37.765693247541954, 15.216340836827976;Italy, Sicily, Mascali
22060244;cozy apartment;161132085;Praha 4;Entire home/apt;1478;1;1;2018-03-02;0.04;1;0;2020-06-28;Prague;Czech republic;50.05928582898527, 14.448635210993134;Czech republic, Prague, Praha 4
32353678;Evanthe Garden - Diantha;212239396;Marsala;Entire home/apt;267;1;1;2019-08-17;0.09;34;85;2020-06-25;Sicily;Italy;37.743550239051416, 12.478210664916823;Italy, Sicily, Marsala
22856410;Residence Camelia, Near Center & Free Parking;169050833;Praha 10;Entire home/apt;1500;2;85;2019-12-23;2.92;1;81;2020-06-28;Prague;Czech republic;50.071268916558054, 14.45003367259035;Czech republic, Prague, Praha 10
32433297;Appartamento mare S. Maria del Focallo;24182046;Ispica;Entire home/apt;39;6;0;;;1;0;2020-06-25;Sicily;Italy;36.71993615559521, 14.920034137526773;Italy, Sicily, Ispica
24658929;Comfortable, Calm and Charming Attic Apartment;120410770;Praha 5;Entire home/apt;2000;2;7;2019-01-02;0.26;1;0;2020-06-28;Prague;Czech republic;50.065062773754825, 14.397301179749379;Czech republic, Prague, Praha 5
32469911;Moderno luminoso adatto alle famiglie;243932664;Marsala;Entire home/apt;30;2;3;2019-06-18;0.19;2;89;2020-06-25;Sicily;Italy;37.80642001305263, 12.44643858725078;Italy, Sicily, Marsala
28866663;【嶠】Room4 北京南站/南苑机场/天安门故宫/天坛公园 布达佩斯少女粉网红店/拍照圣地/整套独享;16440176;丰台区 / Fengtai;Entire home/apt;298;1;69;2020-01-17;3.44;4;0;2020-06-19;Beijing;China;39.85654608415474, 116.39717804717014;China, Beijing, 丰台区 / Fengtai
32688649;"Casa sulla spiaggia a ""0"" metri  dal mare.";223273033;Alcamo;Entire home/apt;80;3;0;;;1;124;2020-06-25;Sicily;Italy;38.03018239798279, 12.946930217561595;Italy, Sicily, Alcamo
32970280;龙聚山庄别墅 近玉渡山 龙庆峡 石京龙滑雪场;191382090;延庆县 / Yanqing;Entire home/apt;1800;5;0;;;1;180;2020-06-19;Beijing;China;40.522231890487824, 115.96233211949985;China, Beijing, 延庆县 / Yanqing
32755481;"Rentopolis Ogliastrillo Appartamento ""Pizzutedda""";95967499;Cefal;Entire home/apt;100;1;1;2019-06-09;0.08;30;1;2020-06-25;Sicily;Italy;38.025401069212755, 13.984214946856696;Italy, Sicily, Cefal
33003245;豪华复试景观叠野220;248390088;密云县 / Miyun;Private room;396;1;2;2019-08-26;0.13;6;180;2020-06-19;Beijing;China;40.64963920941527, 117.27136016425007;China, Beijing, 密云县 / Miyun
32957057;Villa in Lipari island;248016161;Lipari;Entire home/apt;140;7;0;;;1;180;2020-06-25;Sicily;Italy;38.49232667476814, 14.922807335915746;Italy, Sicily, Lipari
33849190;个人转租,地铁一号线八通线四惠站,远洋天地;238025329;朝阳区 / Chaoyang;Private room;64;1;0;;;1;0;2020-06-19;Beijing;China;39.91219808488683, 116.49317523777549;China, Beijing, 朝阳区 / Chaoyang
33038219;Rosario apartment;248655507;Taormina;Entire home/apt;75;2;16;2020-01-05;1.22;1;0;2020-06-25;Sicily;Italy;37.859481718157795, 15.28432466955939;Italy, Sicily, Taormina
33866546;【新店特惠房】北师大/北邮/后海/南锣鼓巷/北影 平价艺术民宿法式女生四人间—戏梦巴黎下铺D;45773267;海淀区;Shared room;113;1;8;2019-12-26;0.56;17;354;2020-06-19;Beijing;China;39.951883106074256, 116.36384582630441;China, Beijing, 海淀区
34133686;北欧风格二室二厅,近芍药居地铁､对外经贸大学､服装学院､中日友好医院､鸟巢;73124883;朝阳区 / Chaoyang;Entire home/apt;701;1;4;2019-12-31;0.39;6;245;2020-06-19;Beijing;China;39.97788959669525, 116.4339839643198;China, Beijing, 朝阳区 / Chaoyang
33486407;villa vicino al mare con piscina;30405418;Trabia;Entire home/apt;60;2;3;2019-09-10;0.27;1;357;2020-06-25;Sicily;Italy;38.00383734035445, 13.62261245774341;Italy, Sicily, Trabia
33281904;Quiet Beach Haven;22414772;Surf Coast;Entire home/apt;550;5;1;2020-01-01;0.17;1;363;2020-06-22;Barwon-south-west-vic;Australia;-38.3160988409616, 144.3310192793019;Australia, Barwon-south-west-vic, Surf Coast
33507660;RETRO RIVER REST- LONG TERM LEASE NOW AVAILABLE.;245523564;Warrnambool;Entire home/apt;149;2;6;2020-03-14;0.42;3;16;2020-06-22;Barwon-south-west-vic;Australia;-38.39426725595013, 142.47063327276896;Australia, Barwon-south-west-vic, Warrnambool
33608114;Sky Blue Ortigia by Wonderful Italy;13036400;Siracusa;Entire home/apt;46;1;2;2019-10-17;0.19;170;279;2020-06-25;Sicily;Italy;37.06050207630578, 15.293606122571434;Italy, Sicily, Siracusa
34323964;классная квартира и видом на море;31334882;Sant'Alessio Siculo;Entire home/apt;30;5;0;;;1;365;2020-06-25;Sicily;Italy;37.92325624788056, 15.347693570835045;Italy, Sicily, Sant'Alessio Siculo
34458183;Blue room the roses of Annare';244929473;Palermo;Private room;40;2;2;2019-07-06;0.16;3;320;2020-06-25;Sicily;Italy;38.10361672821752, 13.368918077319593;Italy, Sicily, Palermo
729796;Modern with 12qm balcony near Danube;3793751;Leopoldstadt;Entire home/apt;42;3;9;2019-12-03;0.27;2;0;2020-06-16;Vienna;Austria;48.22772037032932, 16.39384228763024;Austria, Vienna, Leopoldstadt
900543;Central New Design Apartment Wasser;2965217;Leopoldstadt;Entire home/apt;89;1;2;2015-05-22;0.03;6;365;2020-06-16;Vienna;Austria;48.21959009434789, 16.39638438429184;Austria, Vienna, Leopoldstadt
1428172;LAROGY`S HOME;1836300;Rudolfsheim-Fnfhaus;Entire home/apt;59;2;105;2019-12-15;1.26;3;364;2020-06-16;Vienna;Austria;48.19805623128333, 16.33298925050487;Austria, Vienna, Rudolfsheim-Fnfhaus
3072203;Perfect family-friendly apartment;15633094;Leopoldstadt;Entire home/apt;220;5;0;;;1;0;2020-06-16;Vienna;Austria;48.21626537102953, 16.388266634262717;Austria, Vienna, Leopoldstadt
3995932;GoVienna Charming Studio;341923;Dbling;Entire home/apt;50;2;4;2019-09-24;0.06;3;0;2020-06-16;Vienna;Austria;48.245468830166615, 16.34882473067809;Austria, Vienna, Dbling
4110410;Mini Loft;21324673;Josefstadt;Entire home/apt;45;1;53;2018-12-10;0.76;1;311;2020-06-16;Vienna;Austria;48.20748514347882, 16.35292487592034;Austria, Vienna, Josefstadt
4836452;20qm Private Room + Roof Terrace;24892879;Hietzing;Private room;9270;3;4;2015-08-27;0.06;1;0;2020-06-16;Vienna;Austria;48.17214973395857, 16.29933898405681;Austria, Vienna, Hietzing
5891502;Chez Schneider at Karmelitermarkt;29986812;Leopoldstadt;Entire home/apt;220;2;64;2020-01-01;1.03;3;360;2020-06-16;Vienna;Austria;48.222025166552314, 16.373723227602326;Austria, Vienna, Leopoldstadt
8730033;Sunny & Lovely Big Room Centrally Located;2740608;Dbling;Private room;35;30;5;2019-11-18;0.1;13;365;2020-06-16;Vienna;Austria;48.23467111325478, 16.352084537156347;Austria, Vienna, Dbling
13470443;Edinburgh festival. Traditional Victorian tenement;62822896;Hillside and Calton Hill;Private room;80;4;9;2020-01-02;0.19;1;81;2020-06-23;Edinburgh;United kingdom;55.95822359819838, -3.170972593782158;United kingdom, Edinburgh, Hillside and Calton Hill
17432168;Old Town Two Bedroom Apartment With Castle Views;117933512;Tollcross;Entire home/apt;135;2;136;2020-03-16;3.4;1;0;2020-06-23;Edinburgh;United kingdom;55.94613736157455, -3.2041004503290207;United kingdom, Edinburgh, Tollcross
20173174;VIDA CityPad;2570746;Hillside and Calton Hill;Private room;45;1;60;2020-02-09;1.71;1;0;2020-06-23;Edinburgh;United kingdom;55.961808994833824, -3.175508513234879;United kingdom, Edinburgh, Hillside and Calton Hill
21331234;Broughton Road - New Town apartment;154430915;Broughton North and Powderhall;Entire home/apt;75;3;5;2020-03-08;0.16;2;218;2020-06-23;Edinburgh;United kingdom;55.96454118983381, -3.1907991942382847;United kingdom, Edinburgh, Broughton North and Powderhall
22071688;Newly Decorated 2 Bedroom Central Edinburgh Flat;11703194;Pilrig;Entire home/apt;65;3;145;2020-03-15;4.75;3;81;2020-06-23;Edinburgh;United kingdom;55.965253703090255, -3.182540591569357;United kingdom, Edinburgh, Pilrig
25078486;Beautiful huge bedroom in Bruntsfield;8601197;Bruntsfield;Private room;60;1;8;2019-08-26;0.33;3;0;2020-06-23;Edinburgh;United kingdom;55.94122553623607, -3.206081140879401;United kingdom, Edinburgh, Bruntsfield
25365002;Bright, attractive apartment in central Edinburgh;27659661;Broughton North and Powderhall;Entire home/apt;92;2;80;2020-03-08;3.25;1;0;2020-06-23;Edinburgh;United kingdom;55.9630715847334, -3.1989881583504722;United kingdom, Edinburgh, Broughton North and Powderhall
27526520;Lovely Manhattan Room near GCT / Central Park;137358866;East Harlem;Private room;36;28;3;2020-02-01;0.14;152;218;2020-07-07;New-york-city;United states;40.79402208246103, -73.94189579197776;United states, New-york-city, East Harlem
28722807;Bright and Spacious Loft in Brooklyn;3017533;Sunset Park;Entire home/apt;160;2;57;2019-09-25;2.64;1;0;2020-07-07;New-york-city;United states;40.664135410962615, -73.99424997865391;United states, New-york-city, Sunset Park
28867389;PLG Brooklyn Apartment private bedroom+bathroom;53357457;Prospect-Lefferts Gardens;Private room;59;5;8;2019-12-31;0.38;1;0;2020-07-07;New-york-city;United states;40.6639261414997, -73.9473144379968;United states, New-york-city, Prospect-Lefferts Gardens
28950738;Ozone Park Studio;218222410;Ozone Park;Private room;60;1;0;;;1;0;2020-07-07;New-york-city;United states;40.68730264690136, -73.84534773201912;United states, New-york-city, Ozone Park
13161196;Cheap, central studio, included nice company!;73498111;Sagene;Shared room;397;1;0;;;1;0;2020-06-26;Oslo;Norway;59.94203606086436, 10.762975489359034;Norway, Oslo, Sagene
15429652;Grunerløkka all summer;89152704;Grünerløkka;Entire home/apt;920;21;15;2019-08-12;0.34;1;114;2020-06-26;Oslo;Norway;59.92534345060124, 10.754769123244964;Norway, Oslo, Grünerløkka
19117844;1,5 room apartment in central Oslo.;133593517;Frogner;Entire home/apt;649;3;1;2017-09-10;0.03;1;0;2020-06-26;Oslo;Norway;59.92658701829792, 10.723828983075617;Norway, Oslo, Frogner
19159601;Super central flat in the heart of Oslo;77660942;Gamle Oslo;Entire home/apt;998;2;2;2017-06-29;0.05;1;0;2020-06-26;Oslo;Norway;59.91553014109289, 10.768020155691646;Norway, Oslo, Gamle Oslo
28175787;Stylish, classic Oslo apt in great neigbourhood*!;134038928;St. Hanshaugen;Entire home/apt;1249;2;2;2018-09-14;0.09;12;0;2020-06-26;Oslo;Norway;59.92578234862826, 10.7451034958396;Norway, Oslo, St. Hanshaugen
30189831;Grünerløkka (Near city center);88010776;Grünerløkka;Entire home/apt;465;60;5;2019-09-01;0.28;1;239;2020-06-26;Oslo;Norway;59.92821066756908, 10.769088281440801;Norway, Oslo, Grünerløkka
31667995;Bright and colourful apartment!;237214422;Gamle Oslo;Entire home/apt;397;3;11;2019-10-30;0.64;1;89;2020-06-26;Oslo;Norway;59.90582720928765, 10.77413508197047;Norway, Oslo, Gamle Oslo
38476027;Flott, Kreativ oppgrad. Studio. Helårsutleie mulig;192279216;Grünerløkka;Entire home/apt;804;14;1;2019-09-25;0.11;1;363;2020-06-26;Oslo;Norway;59.93489127877342, 10.781991635486412;Norway, Oslo, Grünerløkka
40703029;Attractive flat in quiet area;315917280;Gamle Oslo;Entire home/apt;504;3;4;2020-02-23;0.69;1;29;2020-06-26;Oslo;Norway;59.90229913631163, 10.772522762360529;Norway, Oslo, Gamle Oslo
14486703;Cozy home in Quiet Nature setting;28026567;Kanata South;Private room;33;1;9;2017-10-01;0.2;1;87;2020-06-30;Ottawa;Canada;45.28921048206484, -75.84775557866942;Canada, Ottawa, Kanata South
25188826;Private bedroom in new home for 1 Guest;57318814;Rideau-Goulbourn;Private room;50;1;2;2019-08-30;0.09;2;179;2020-06-30;Ottawa;Canada;45.23944937363199, -75.73767921985291;Canada, Ottawa, Rideau-Goulbourn
32991991;Moderne bungalow in the heart of high tech Kanata;126796127;Kanata North;Entire home/apt;239;4;28;2019-10-24;1.81;3;0;2020-06-30;Ottawa;Canada;45.33099871741731, -75.9095387423346;Canada, Ottawa, Kanata North
37734742;Mid-Century Modern Flat Steps to Byward Market;105348979;Rideau-Vanier;Entire home/apt;201;2;27;2020-06-21;2.56;10;22;2020-06-30;Ottawa;Canada;45.427475903981986, -75.67286859702007;Canada, Ottawa, Rideau-Vanier
38271811;1 Guest for Immacul. Furn'd 4 Bedrms. Shared Apt.;34602819;Rideau-Vanier;Private room;85;14;0;;;9;365;2020-06-30;Ottawa;Canada;45.42611043870289, -75.67737147889905;Canada, Ottawa, Rideau-Vanier
41026847;Townhome to Share - Private Room A (Monthly);250502621;College;Private room;37;28;2;2020-04-15;0.48;3;333;2020-06-30;Ottawa;Canada;45.319896350672266, -75.83153396648973;Canada, Ottawa, College
18154661;Stay in heart of beautiful Bangalow;26450313;BYRON SHIRE COUNCIL;Entire home/apt;200;1;39;2020-02-08;1.0;1;53;2020-06-27;Northern-rivers;Australia;-28.682690154754624, 153.5238746113684;Australia, Northern-rivers, BYRON SHIRE COUNCIL
19150349;Mimosa;4308959;BYRON SHIRE COUNCIL;Entire home/apt;135;2;37;2020-03-21;1.54;3;69;2020-06-27;Northern-rivers;Australia;-28.565061929175812, 153.4114077672933;Australia, Northern-rivers, BYRON SHIRE COUNCIL
19809772;By The Beach;62866254;TWEED SHIRE COUNCIL;Entire home/apt;150;2;0;;;1;0;2020-06-27;Northern-rivers;Australia;-28.249465718835022, 153.5696044510144;Australia, Northern-rivers, TWEED SHIRE COUNCIL
35651541;WHITE HAVEN - Private Beach House with Pool;24283186;TWEED SHIRE COUNCIL;Entire home/apt;650;2;13;2020-03-08;1.11;1;236;2020-06-27;Northern-rivers;Australia;-28.28562929390956, 153.57526551685893;Australia, Northern-rivers, TWEED SHIRE COUNCIL
37460680;A Perfect Stay - River Links;3563698;BALLINA SHIRE COUNCIL;Entire home/apt;1100;2;1;2020-01-11;0.18;11;0;2020-06-27;Northern-rivers;Australia;-28.85141716628509, 153.5767169785078;Australia, Northern-rivers, BALLINA SHIRE COUNCIL
1943225;Beautiful Space near West Oakland BART;4085797;Prescott;Private room;75;2;154;2020-02-17;3.32;2;0;2020-06-17;Oakland;United states;37.807503651604094, -122.29440301371481;United states, Oakland, Prescott
29260730;1-Bed Full Private Floor of House in Oakland Hills;5625514;Montclair;Entire home/apt;300;1;2;2019-01-08;0.1;2;0;2020-06-17;Oakland;United states;37.83232162297947, -122.20417398204299;United states, Oakland, Montclair
4883599;New 3 bedroom apartment. 90 kvm leilighet på Storo;25124450;Sagene;Entire home/apt;998;2;5;2019-11-17;0.64;1;0;2020-06-26;Oslo;Norway;59.93988266421997, 10.78118049822647;Norway, Oslo, Sagene
122222;CHARMING STUDIO near BASTILLE;612215;Popincourt;Entire home/apt;70;6;69;2020-01-02;0.63;1;113;2020-06-11;Paris;France;48.85279222055851, 2.3865031980642604;France, Paris, Popincourt
216546;Stylish, Sun-drenched Oberkampf Apt;1117732;Popincourt;Entire home/apt;150;90;1;2012-05-27;0.01;1;364;2020-06-11;Paris;France;48.865667665196106, 2.378073645730053;France, Paris, Popincourt
514870;Sunny apartment in central Paris!;2535616;Vaugirard;Entire home/apt;109;5;0;;;1;0;2020-06-11;Paris;France;48.84412929459277, 2.292973938102232;France, Paris, Vaugirard
518231;PrivateSuite Cosy-1à4p-B&B-PANTHEON;2550681;Panthéon;Private room;160;2;37;2019-09-24;0.38;1;278;2020-06-11;Paris;France;48.840489421156455, 2.3487110472854726;France, Paris, Panthéon
587827;Perfect flat for friends and family;2899778;Buttes-Chaumont;Entire home/apt;250;2;59;2020-01-02;0.62;1;105;2020-06-11;Paris;France;48.88230485421717, 2.373237824020355;France, Paris, Buttes-Chaumont
827563;Quartier Latin;4339746;Panthéon;Entire home/apt;190;1;33;2020-01-27;1.05;1;103;2020-06-11;Paris;France;48.849732811204774, 2.355147742409158;France, Paris, Panthéon
942566;Large Cozy & Central Flat Bastille.;5097309;Popincourt;Entire home/apt;101;20;10;2019-07-20;0.12;1;0;2020-06-11;Paris;France;48.857509850077825, 2.37136489355957;France, Paris, Popincourt
1017342;Appartement Bastille / Le Marais;5599245;Popincourt;Entire home/apt;110;5;0;;;1;0;2020-06-11;Paris;France;48.859241321712595, 2.3684923368473747;France, Paris, Popincourt
1692305;Small rooftop room mini studio cosy Central Opera;8939609;Opéra;Private room;33;1;361;2020-03-15;4.42;1;140;2020-06-11;Paris;France;48.87694555054632, 2.3456452392524003;France, Paris, Opéra
2389456;Room to rent in 65m² Paris, center;12154893;Reuilly;Private room;80;2;0;;;2;269;2020-06-11;Paris;France;48.84991504558404, 2.3767689568987858;France, Paris, Reuilly
3000405;Duplex penthouse Eiffel tower;15294446;Passy;Entire home/apt;400;2;0;;;1;0;2020-06-11;Paris;France;48.85277987368886, 2.2643078092167124;France, Paris, Passy
4601614;100m from C.Elysées, 135m²/3BR;21199497;Passy;Entire home/apt;199;7;0;;;1;0;2020-06-11;Paris;France;48.86823546603402, 2.296041780625003;France, Paris, Passy
6176434;FRENTE AL MAR, WIFI, 130M²;10450924;Castelló d'Empúries;Entire home/apt;81;2;13;2019-12-27;0.21;37;330;2020-06-29;Girona;Spain;42.24092460390543, 3.126420833192166;Spain, Girona, Castelló d'Empúries
11672737;Apartament en Caldes de Malavella -centre .;59134857;Caldes de Malavella;Entire home/apt;95;1;11;2019-08-15;0.21;2;242;2020-06-29;Girona;Spain;41.83615440576088, 2.809527735062041;Spain, Girona, Caldes de Malavella
18350475;COZY HOUSE IN THE CENTER 2 MINUTES FROM THE BEACH;78065263;Palamós;Entire home/apt;100;4;1;2017-09-17;0.03;21;119;2020-06-29;Girona;Spain;41.849543835065774, 3.1273100541136145;Spain, Girona, Palamós
42430521;İstiklal st 5 min Taksim-Galata tower;333102334;Beyoglu;Entire home/apt;96;1;0;;;5;365;2020-06-28;Istanbul;Turkey;41.03868366897499, 28.97336282691849;Turkey, Istanbul, Beyoglu
42974696;rezervasyon yapmıyoruz lütfen para yatırmayınız;136528609;Sile;Private room;206;1;1;2020-06-14;1.0;1;365;2020-06-28;Istanbul;Turkey;41.17799783099681, 29.61306290349604;Turkey, Istanbul, Sile
31983241;Luxury Hotel Style Rental near NEW YORK CITY;4920221;Ward E (councilmember James Solomon);Entire home/apt;179;2;2;2019-03-17;0.12;24;365;2020-06-22;Jersey-city;United states;40.722754225987345, -74.03661460098142;United states, Jersey-city, Ward E (councilmember James Solomon)
42240117;Spacious Luxury 1 bedroom in dwtn JC mins to NYC;48944358;Ward E (councilmember James Solomon);Entire home/apt;120;1;0;;;1;0;2020-06-22;Jersey-city;United states;40.722343288570045, -74.0476724928839;United states, Jersey-city, Ward E (councilmember James Solomon)
548153;Casa da Palmeira;2694626;Cascais e Estoril;Entire home/apt;500;2;15;2019-09-30;0.6;1;341;2020-06-23;Lisbon;Portugal;38.69235898433982, -9.425712857007307;Portugal, Lisbon, Cascais e Estoril
865779;Former Olive Press Turned Country House with Pool;2329751;So Joo das Lampas e Terrugem;Entire home/apt;170;6;98;2020-04-03;1.11;1;260;2020-06-23;Lisbon;Portugal;38.86237813865066, -9.35473139737268;Portugal, Lisbon, So Joo das Lampas e Terrugem
1209286;Quiet,Cosy & Charming in Alfama!;6604033;Santa Maria Maior;Entire home/apt;45;1;247;2020-03-14;2.89;6;182;2020-06-23;Lisbon;Portugal;38.71268050973051, -9.129548641923488;Portugal, Lisbon, Santa Maria Maior
1668572;New and Central apt Moura Encantada;3798663;Santa Maria Maior;Entire home/apt;40;4;186;2020-03-22;2.27;2;281;2020-06-23;Lisbon;Portugal;38.713899586842764, -9.136031693558426;Portugal, Lisbon, Santa Maria Maior
2560563;Underdog Surf House - Pent house;455096;Lourinh e Atalaia;Private room;21;1;7;2019-08-07;0.09;7;346;2020-06-23;Lisbon;Portugal;39.26173081923626, -9.328686120809435;Portugal, Lisbon, Lourinh e Atalaia
17677040;Best View of Downtown San Diego 3B/2B;10192110;East Village;Entire home/apt;325;3;2;2020-05-17;0.24;22;6;2020-06-17;San-diego;United states;32.710446929875204, -117.15143006253707;United states, San-diego, East Village
6928654;Big, quiet and cosy appartment;9899723;Gobelins;Entire home/apt;80;2;3;2015-08-31;0.05;1;0;2020-06-11;Paris;France;48.83027375237647, 2.3681724996592455;France, Paris, Gobelins
7043650;Large studio Montmartre Airco New;25995350;Buttes-Montmartre;Entire home/apt;110;2;311;2020-03-14;5.18;1;352;2020-06-11;Paris;France;48.89036684493711, 2.3322450865340416;France, Paris, Buttes-Montmartre
7503757;#Cosy #Studio #Batignolles;6267006;Batignolles-Monceau;Entire home/apt;46;1;0;;;1;0;2020-06-11;Paris;France;48.8860383339499, 2.316603271202785;France, Paris, Batignolles-Monceau
8101434;Studio Paris Grands-Boulevard;42780003;Opéra;Entire home/apt;46;5;1;2015-09-06;0.02;1;0;2020-06-11;Paris;France;48.873169050001586, 2.340213068179893;France, Paris, Opéra
8491149;Bright & Spacious 60m2, Belleville;2566013;Buttes-Chaumont;Entire home/apt;92;2;22;2019-06-11;0.39;1;339;2020-06-11;Paris;France;48.87427175182794, 2.379423719967796;France, Paris, Buttes-Chaumont
8501370;Appartement au cœur du 11ème;44763765;Popincourt;Entire home/apt;110;2;0;;;1;0;2020-06-11;Paris;France;48.85186563915075, 2.385593798545645;France, Paris, Popincourt
8835757;Little Room in cosy flat;46274854;Popincourt;Private room;40;4;133;2020-03-07;2.58;1;88;2020-06-11;Paris;France;48.856822869858235, 2.3810768534663214;France, Paris, Popincourt
8872740;Flat 15e with Eiffel Tower view;34461244;Vaugirard;Entire home/apt;65;2;1;2016-01-03;0.02;1;0;2020-06-11;Paris;France;48.83937278962536, 2.302941531480686;France, Paris, Vaugirard
9211605;Grand appartement familial au dernier étage;29230585;Buttes-Chaumont;Entire home/apt;90;25;0;;;1;0;2020-06-11;Paris;France;48.88618556731301, 2.365728067333203;France, Paris, Buttes-Chaumont
9246005;Superbe Duplex au coeur de Paris!!;5460072;Panthéon;Private room;120;2;2;2016-01-17;0.04;3;0;2020-06-11;Paris;France;48.84633929559132, 2.354152313428051;France, Paris, Panthéon
9297919;Apartment in the heart of the Marais area;32488038;Temple;Entire home/apt;189;3;196;2020-03-02;3.59;1;345;2020-06-11;Paris;France;48.86298272298017, 2.3621744546648795;France, Paris, Temple
9340449;Atelier d'artistes;7060662;Observatoire;Entire home/apt;250;1;0;;;1;0;2020-06-11;Paris;France;48.837699788670776, 2.332090412053313;France, Paris, Observatoire
9781744;1,400SqFt new apt with all mod cons;4930635;Entrepôt;Entire home/apt;199;3;0;;;1;0;2020-06-11;Paris;France;48.88233285746809, 2.3672172133137392;France, Paris, Entrepôt
10130199;Logement sympa à bastille;16648506;Hôtel-de-Ville;Entire home/apt;100;2;0;;;1;0;2020-06-11;Paris;France;48.85356808901175, 2.3645496676251954;France, Paris, Hôtel-de-Ville
10511155;;16252858;Reuilly;Entire home/apt;47;1;1;2016-01-14;0.02;1;0;2020-06-11;Paris;France;48.83811862297761, 2.4028812998328712;France, Paris, Reuilly
10638315;Au coeur de China Town;27343326;Gobelins;Entire home/apt;50;3;0;;;1;0;2020-06-11;Paris;France;48.821847444436116, 2.360642637663422;France, Paris, Gobelins
10795658;maison ancienne avec jardin;31604875;Ménilmontant;Entire home/apt;170;2;0;;;1;0;2020-06-11;Paris;France;48.87345207607696, 2.391615015747545;France, Paris, Ménilmontant
12774727;1-BR Apt Marais/Hotel de Ville;7909082;Hôtel-de-Ville;Entire home/apt;200;5;45;2019-09-29;0.91;1;39;2020-06-11;Paris;France;48.85991961532818, 2.3559667566401687;France, Paris, Hôtel-de-Ville
12816149;Ultracenter -Saint Germain des prés;69905177;Palais-Bourbon;Entire home/apt;76;7;6;2019-08-03;0.13;1;71;2020-06-11;Paris;France;48.854955499375855, 2.322605092956376;France, Paris, Palais-Bourbon
12928824;One room to share in an appartment at Marais;10303803;Temple;Private room;35;1;0;;;1;0;2020-06-11;Paris;France;48.863171519685814, 2.357572231113757;France, Paris, Temple
13021993;BEAUTIFUL MODERN APARTMENT IN THE 20TH ARRONDISSEMENT OF PARIS;70690789;Ménilmontant;Entire home/apt;121;4;4;2019-08-12;0.35;1;53;2020-06-11;Paris;France;48.857688719852305, 2.400938407233594;France, Paris, Ménilmontant
13228210;Charming flat at the feet of Montmartre;10202316;Buttes-Montmartre;Entire home/apt;70;1;9;2018-02-25;0.18;1;0;2020-06-11;Paris;France;48.89220699535768, 2.3360650935907827;France, Paris, Buttes-Montmartre
13428664;Appartement douillet au cœur de Montmartre;76567812;Buttes-Montmartre;Entire home/apt;72;1;4;2016-07-18;0.08;1;0;2020-06-11;Paris;France;48.88805731481333, 2.336702779619288;France, Paris, Buttes-Montmartre
21515293;Work Trip ? Traveling for work Well connected /6.0;68618971;XII Monte Verde;Entire home/apt;195;2;0;;;7;362;2020-06-14;Rome;Italy;41.879917647609105, 12.466878171031686;Italy, Rome, XII Monte Verde
21911180;ava  guesthouse 2 (double room share bathroom);49693852;I Centro Storico;Private room;200;1;141;2020-03-01;5.18;10;365;2020-06-14;Rome;Italy;41.897516401946824, 12.500722061350196;Italy, Rome, I Centro Storico
21954680;Monti Bright Apartment;2405376;I Centro Storico;Entire home/apt;112;3;9;2018-10-23;0.29;61;165;2020-06-14;Rome;Italy;41.89745504199973, 12.493539415837997;Italy, Rome, I Centro Storico
22272525;San Lorenzo University Flat;162762942;II Parioli/Nomentano;Entire home/apt;70;2;9;2018-06-29;0.34;1;180;2020-06-14;Rome;Italy;41.90085846653894, 12.514838608342185;Italy, Rome, II Parioli/Nomentano
23404104;Luxury Suite 3 Archi;35944478;I Centro Storico;Entire home/apt;110;3;66;2020-01-05;2.42;1;72;2020-06-14;Rome;Italy;41.9006599247401, 12.47267803903573;Italy, Rome, I Centro Storico
23797988;Casa Della Croce;20653285;I Centro Storico;Entire home/apt;443;3;0;;;13;357;2020-06-14;Rome;Italy;41.90631423829022, 12.48238628542581;Italy, Rome, I Centro Storico
29034590;Cosy studio+private bathroom @Jordaan;30591751;Centrum-West;Private room;122;3;0;;;2;0;2020-07-09;Amsterdam;Netherlands;52.38342946532162, 4.88740003223373;Netherlands, Amsterdam, Centrum-West
29355982;Lovely Private Room in Trendy Amsterdam-East Home;221155621;Oostelijk Havengebied - Indische Buurt;Private room;79;2;66;2019-10-12;3.18;2;0;2020-07-09;Amsterdam;Netherlands;52.36373079223711, 4.933618980769836;Netherlands, Amsterdam, Oostelijk Havengebied - Indische Buurt
29813396;Stylish apartment in lovely east area of A'dam;224273169;Oud-Oost;Entire home/apt;125;2;0;;;1;45;2020-07-09;Amsterdam;Netherlands;52.35006256731599, 4.917308323230475;Netherlands, Amsterdam, Oud-Oost
30399676;Historic luxury in the city centre of Amsterdam;50741083;Centrum-Oost;Private room;180;2;0;;;1;20;2020-07-09;Amsterdam;Netherlands;52.37012246980527, 4.9083087878882905;Netherlands, Amsterdam, Centrum-Oost
33268339;Stay in your comfort zone;28218333;Oostelijk Havengebied - Indische Buurt;Entire home/apt;100;5;6;2019-09-15;0.39;3;0;2020-07-09;Amsterdam;Netherlands;52.36156854972892, 4.93637086006433;Netherlands, Amsterdam, Oostelijk Havengebied - Indische Buurt
34334547;Large & stylish house in the Museum quarter;29333311;Zuid;Entire home/apt;235;3;3;2019-08-05;0.22;1;0;2020-07-09;Amsterdam;Netherlands;52.35551131077589, 4.883377663786897;Netherlands, Amsterdam, Zuid
35871228;Charming houseboat in Jordaan;6596279;Centrum-West;Entire home/apt;160;3;10;2020-03-08;0.78;1;10;2020-07-09;Amsterdam;Netherlands;52.378635870374964, 4.886677633742749;Netherlands, Amsterdam, Centrum-West
37304381;Cosy room to reach the best places in Amsterdam!;104921002;Oud-Oost;Entire home/apt;100;2;8;2020-03-15;0.84;2;19;2020-07-09;Amsterdam;Netherlands;52.36335504129639, 4.925365272483525;Netherlands, Amsterdam, Oud-Oost
40985735;Cosy Amsterdam design apartment;1556618;De Baarsjes - Oud-West;Entire home/apt;135;2;1;2020-02-18;0.21;1;34;2020-07-09;Amsterdam;Netherlands;52.37126336870587, 4.850365879197911;Netherlands, Amsterdam, De Baarsjes - Oud-West
42499293;Eclectic modern apartment near RAI;17975858;De Pijp - Rivierenbuurt;Entire home/apt;250;3;0;;;4;0;2020-07-09;Amsterdam;Netherlands;52.34624965980794, 4.8932401963610355;Netherlands, Amsterdam, De Pijp - Rivierenbuurt
43692585;Canal House Boat Stay: 2 suites on brand new boat;808981;Centrum-West;Private room;300;3;0;;;3;239;2020-07-09;Amsterdam;Netherlands;52.36952005183401, 4.880800695227135;Netherlands, Amsterdam, Centrum-West
8240785;Luchtige kamer in Art Nouveau huis;19521902;Harmonie;Private room;46;2;36;2019-11-30;0.63;1;357;2020-06-22;Antwerp;Belgium;51.20435336344413, 4.406020871501617;Belgium, Antwerp, Harmonie
14793592;❤ WELLNESS LOFT with Sauna, Jacuzzi & Terrace ❤;80891301;Theaterbuurt-Meir;Entire home/apt;135;1;156;2020-06-21;3.39;2;119;2020-06-22;Antwerp;Belgium;51.21908029186654, 4.411211457493551;Belgium, Antwerp, Theaterbuurt-Meir
42130025;Apartamento ático con terraza privada;157746231;el Poble Sec;Entire home/apt;47;32;0;;;46;365;2020-06-13;Barcelona;Spain;41.37199471074799, 2.167361053905384;Spain, Barcelona, el Poble Sec
42370306;National Palace ATICO3;333961796;el Poble Sec;Entire home/apt;65;3;0;;;20;361;2020-06-13;Barcelona;Spain;41.37259647125731, 2.158464293189946;Spain, Barcelona, el Poble Sec
42621900;Nice Room in the Center!;10445396;la Nova Esquerra de l'Eixample;Private room;18;30;0;;;5;364;2020-06-13;Barcelona;Spain;41.37834903769689, 2.1511503735663493;Spain, Barcelona, la Nova Esquerra de l'Eixample
8295972;Location location location;43742732;Surf Coast;Entire home/apt;296;1;95;2020-03-14;1.65;1;354;2020-06-22;Barwon-south-west-vic;Australia;-38.33933075631999, 144.3094768430635;Australia, Barwon-south-west-vic, Surf Coast
14217858;100 Steps to the Beach - Bungalow;53253884;Surf Coast;Entire home/apt;155;1;301;2020-06-18;6.66;2;141;2020-06-22;Barwon-south-west-vic;Australia;-38.42751217590361, 144.1717461470827;Australia, Barwon-south-west-vic, Surf Coast
21068157;CHARBELLA;129945846;Queenscliffe;Entire home/apt;285;1;6;2020-02-23;0.22;53;242;2020-06-22;Barwon-south-west-vic;Australia;-38.27049464116988, 144.66089069322746;Australia, Barwon-south-west-vic, Queenscliffe
21178970;Flying Duck Orchid: Anglesea : Full Linen : Pets;7120658;Surf Coast;Entire home/apt;250;7;23;2019-12-08;0.71;4;3;2020-06-22;Barwon-south-west-vic;Australia;-38.414764628800015, 144.16838366938666;Australia, Barwon-south-west-vic, Surf Coast
33522770;East West Nest: Huge Month to Month Discount!;3459413;28806;Entire home/apt;99;2;73;2020-03-16;5.92;1;141;2020-06-25;Asheville;United states;35.58460367550823, -82.57724912684789;United states, Asheville, 28806
41369383;Brand New Bright + Modern West Asheville Studio;2456389;28806;Private room;85;2;7;2020-03-12;1.32;1;66;2020-06-25;Asheville;United states;35.56108855772332, -82.61026000094772;United states, Asheville, 28806
9548700;"The ""Suite 202"" by the Acropolis.";48448507;ΕΜΠΟΡΙΚΟ ΤΡΙΓΩΝΟ-ΠΛΑΚΑ;Entire home/apt;70;1;52;2019-11-08;0.96;10;361;2020-06-16;Athens;Greece;37.9779452691866, 23.72204973273568;Greece, Athens, ΕΜΠΟΡΙΚΟ ΤΡΙΓΩΝΟ-ΠΛΑΚΑ
12878287;Amazing detached house;70457344;ΝΕΟΣ ΚΟΣΜΟΣ;Private room;50;1;1;2016-06-19;0.02;1;365;2020-06-16;Athens;Greece;37.953253285472016, 23.724319522467784;Greece, Athens, ΝΕΟΣ ΚΟΣΜΟΣ
16037846;Superb Neoclassical House near the Acropolis;78599736;ΘΗΣΕΙΟ;Entire home/apt;100;1;218;2020-05-31;5.23;1;346;2020-06-16;Athens;Greece;37.97316028622541, 23.71522412578285;Greece, Athens, ΘΗΣΕΙΟ
17841810;Your room in downtown Athens!;20506394;ΝΕΟΣ ΚΟΣΜΟΣ;Private room;15;2;150;2020-03-17;3.87;6;90;2020-06-16;Athens;Greece;37.960782476189905, 23.73074580491242;Greece, Athens, ΝΕΟΣ ΚΟΣΜΟΣ
19326688;Lefis apartment,Luxury flat in Hilton Area;49043070;ΙΛΙΣΙΑ;Entire home/apt;49;3;2;2017-10-18;0.06;1;365;2020-06-16;Athens;Greece;37.97741171148604, 23.751872765023016;Greece, Athens, ΙΛΙΣΙΑ
19480180;Explore Athens from a Stylish and Ample Diamond Home;60051688;ΑΜΠΕΛΟΚΗΠΟΙ;Entire home/apt;75;1;216;2020-03-18;6.02;4;81;2020-06-16;Athens;Greece;37.997841198741405, 23.766957893794054;Greece, Athens, ΑΜΠΕΛΟΚΗΠΟΙ
19977392;Sunny 83 m2 Kolonaki Acropolis view Large terrace;122389443;ΚΟΛΩΝΑΚΙ;Entire home/apt;47;2;47;2020-02-11;1.75;1;51;2020-06-16;Athens;Greece;37.97751200859091, 23.742493541110242;Greece, Athens, ΚΟΛΩΝΑΚΙ
23412711;Hip Loft w/ direct Acropolis view+amazing terrace;22227167;ΚΟΛΩΝΑΚΙ;Entire home/apt;48;19;81;2020-02-10;2.92;28;84;2020-06-16;Athens;Greece;37.98114760690845, 23.73619119658054;Greece, Athens, ΚΟΛΩΝΑΚΙ
24977735;Cosy renovated apartment near metro Panormoy!;51660776;ΑΜΠΕΛΟΚΗΠΟΙ;Entire home/apt;34;2;20;2019-06-25;0.92;1;198;2020-06-16;Athens;Greece;37.99323082312009, 23.76850213148385;Greece, Athens, ΑΜΠΕΛΟΚΗΠΟΙ
39781751;Spacious Designer Flat in Mid Levels;63189627;Central & Western;Entire home/apt;752;4;1;2020-01-03;0.18;2;0;2020-06-15;Hong-kong;China;22.282778680998675, 114.13994198150876;China, Hong-kong, Central & Western
21890269;Bright double bedroom in modern apartment;25588285;South West Inner City LEA-5;Private room;100;1;55;01-01-06;;2;0;;Visualisations;Ireland;53.34465773586436, -6.28050219294554;Ireland, Visualisations, South West Inner City LEA-5
5122717;Rathmines Apt 2;24141249;Kimmage-Rathmines LEA-6;Entire home/apt;110;2;135;2034-01-01;;8;348;;Visualisations;Ireland;53.31537570764099, -6.265482782575043;Ireland, Visualisations, Kimmage-Rathmines LEA-6
2181772;In the heart of Taksim, Luxury Room;11125584;Beyoglu;Private room;542;1;0;;;1;365;2020-06-28;Istanbul;Turkey;41.03458077325798, 28.981982754704703;Turkey, Istanbul, Beyoglu
2565792;FLATS FOR RENT İN TAKSİM SQUARE(2);12329961;Beyoglu;Entire home/apt;199;1;3;2015-06-08;0.04;6;180;2020-06-28;Istanbul;Turkey;41.03808323466719, 28.986026334102895;Turkey, Istanbul, Beyoglu
5307183;Cozy rooms @Bagdat st near Bostanci;27486045;Kartal;Private room;69;1;3;2018-02-18;0.05;2;365;2020-06-28;Istanbul;Turkey;40.89621935704219, 29.17448601206233;Turkey, Istanbul, Kartal
38249877;独立房间!两张床健德门地铁站附近,距离望京鸟巢中关村朝阳798等地都非常近!!;87950388;朝阳区 / Chaoyang;Shared room;92;1;2;2020-01-03;0.28;2;0;2020-06-19;Beijing;China;39.97616576126866, 116.38152823878171;China, Beijing, 朝阳区 / Chaoyang
38422692;10号线潘家园 紧邻国贸CBD劲松双井三里屯工体世贸天阶侨福芳草地 画家的日式温馨小窝;235406134;朝阳区 / Chaoyang;Private room;418;1;0;;;1;354;2020-06-19;Beijing;China;39.873097243348994, 116.45566709889991;China, Beijing, 朝阳区 / Chaoyang
38735571;#Atour# 亚朵行政大床房丨紧邻天坛医院､总部基地､首经贸丨距地铁10号线900m丨@三分钟入住;296002678;丰台区 / Fengtai;Private room;609;1;0;;;7;91;2020-06-19;Beijing;China;39.83801547725615, 116.31375305352115;China, Beijing, 丰台区 / Fengtai
14367811;San Pietro attic with Terrace;9291799;I Centro Storico;Entire home/apt;90;2;154;2020-03-09;3.34;5;133;2020-06-14;Rome;Italy;41.903727363648436, 12.458551509918701;Italy, Rome, I Centro Storico
14876455;Beautiful and spacious  bedroom, close to subway;82232089;IX Eur;Private room;44;2;6;2017-09-21;0.13;3;89;2020-06-14;Rome;Italy;41.8243082125781, 12.478415103928038;Italy, Rome, IX Eur
15242949;Sora Luxury Inn family room;5527230;I Centro Storico;Private room;120;1;2;2018-07-10;0.05;11;364;2020-06-14;Rome;Italy;41.898038723967396, 12.470463359930646;Italy, Rome, I Centro Storico
17859442;Big & Sunny, Kitchen, WiFi near metro B San Paolo;121989599;VIII Appia Antica;Private room;19;90;0;;;3;365;2020-06-14;Rome;Italy;41.852819331451265, 12.475227207062193;Italy, Rome, VIII Appia Antica
